user_id,transaction_count,total_amount,avg_amount
102,243,591341.0,2433.5020576131687
101,289,678197.26,2346.703321799308
103,228,589752.65,2586.6344298245617
104,304,779049.73,2562.6635855263157
