user_id,transaction_count,total_amount,avg_amount
101,32,79542.24,2485.695
104,20,50765.33,2538.2665
102,27,75463.72,2794.9525925925927
103,43,116173.34,2701.705581395349
